840,SGP,Medium,1957,0-4,136.712,128.015,264.727
840,SGP,Medium,1957,5-9,112.030,106.067,218.097
840,SGP,Medium,1957,10-14,71.219,65.061,136.280
840,SGP,Medium,1957,15-19,70.137,65.542,135.679
840,SGP,Medium,1957,20-24,61.254,58.012,119.266
840,SGP,Medium,1957,25-29,59.776,51.950,111.726
840,SGP,Medium,1957,30-34,50.148,39.777,89.925
840,SGP,Medium,1957,35-39,46.506,36.203,82.709
840,SGP,Medium,1957,40-44,43.041,33.176,76.217
840,SGP,Medium,1957,45-49,37.773,28.943,66.716
840,SGP,Medium,1957,50-54,29.253,22.541,51.794
840,SGP,Medium,1957,55-59,20.550,16.906,37.456
840,SGP,Medium,1957,60-64,12.015,12.261,24.276
840,SGP,Medium,1957,65-69,6.762,8.637,15.399
840,SGP,Medium,1957,70-74,3.425,5.349,8.774
840,SGP,Medium,1957,75-79,1.415,2.810,4.225
840,SGP,Medium,1957,80-84,0.508,1.278,1.786
840,SGP,Medium,1958,0-4,142.900,134.900,277.800
840,SGP,Medium,1958,5-9,118.100,111.500,229.600
840,SGP,Medium,1958,10-14,81.500,75.600,157.100
840,SGP,Medium,1958,15-19,69.600,64.700,134.300
840,SGP,Medium,1958,20-24,63.600,61.300,124.900
840,SGP,Medium,1958,25-29,61.000,53.700,114.700
840,SGP,Medium,1958,30-34,52.400,42.700,95.100
840,SGP,Medium,1958,35-39,47.200,37.100,84.300
840,SGP,Medium,1958,40-44,43.400,34.100,77.500
840,SGP,Medium,1958,45-49,39.300,30.000,69.300
840,SGP,Medium,1958,50-54,30.000,24.200,54.200
840,SGP,Medium,1958,55-59,22.400,18.000,40.400
840,SGP,Medium,1958,60-64,13.000,12.900,25.900
840,SGP,Medium,1958,65-69,7.700,9.400,17.100
840,SGP,Medium,1959,0-4,148.000,140.800,288.800
840,SGP,Medium,1959,5-9,123.800,117.200,241.000
840,SGP,Medium,1959,10-14,90.700,85.000,175.700
840,SGP,Medium,1959,15-19,68.400,63.100,131.500
840,SGP,Medium,1959,20-24,67.700,65.400,133.100
840,SGP,Medium,1959,25-29,60.400,54.700,115.100
840,SGP,Medium,1959,30-34,56.100,46.000,102.100
840,SGP,Medium,1959,35-39,47.100,38.100,85.200
840,SGP,Medium,1959,40-44,44.300,34.800,79.100
840,SGP,Medium,1959,45-49,40.600,31.800,72.400
840,SGP,Medium,1959,50-54,31.700,25.600,57.300
840,SGP,Medium,1959,55-59,24.000,18.900,42.900
840,SGP,Medium,1959,60-64,13.700,13.600,27.300
840,SGP,Medium,1959,65-69,8.000,9.800,17.800
840,SGP,Medium,1960,0-4,152.200,144.800,297.000
840,SGP,Medium,1960,5-9,128.400,121.900,250.300
840,SGP,Medium,1960,10-14,103.000,97.300,200.300
840,SGP,Medium,1960,15-19,65.300,59.400,124.700
840,SGP,Medium,1960,20-24,71.100,68.400,139.500
840,SGP,Medium,1960,25-29,60.200,56.000,116.200
840,SGP,Medium,1960,30-34,57.900,48.700,106.600
840,SGP,Medium,1960,35-39,48.000,38.400,86.400
840,SGP,Medium,1960,40-44,44.700,35.800,80.500
840,SGP,Medium,1960,45-49,41.900,32.500,74.400
840,SGP,Medium,1960,50-54,33.000,26.600,59.600
840,SGP,Medium,1960,55-59,24.600,20.100,44.700
840,SGP,Medium,1960,60-64,14.500,14.200,28.700
840,SGP,Medium,1960,65-69,8.300,10.100,18.400
840,SGP,Medium,1961,0-4,155.200,148.500,303.700
840,SGP,Medium,1961,5-9,132.700,126.200,258.900
840,SGP,Medium,1961,10-14,111.800,105.600,217.400
840,SGP,Medium,1961,15-19,65.000,59.900,124.900
840,SGP,Medium,1961,20-24,72.800,69.700,142.500
840,SGP,Medium,1961,25-29,61.500,58.100,119.600
840,SGP,Medium,1961,30-34,60.200,52.100,112.300
840,SGP,Medium,1961,35-39,47.900,38.300,86.200
840,SGP,Medium,1961,40-44,46.200,36.900,83.100
840,SGP,Medium,1961,45-49,41.500,32.800,74.300
840,SGP,Medium,1961,50-54,34.300,28.300,62.600
840,SGP,Medium,1961,55-59,25.200,20.700,45.900
840,SGP,Medium,1961,60-64,16.800,15.400,32.200
840,SGP,Medium,1961,65-69,8.500,10.500,19.000
840,SGP,Medium,1962,0-4,156.400,149.700,306.100
840,SGP,Medium,1962,5-9,137.000,129.700,266.700
840,SGP,Medium,1962,10-14,114.600,109.300,223.900
840,SGP,Medium,1962,15-19,72.900,67.100,140.000
840,SGP,Medium,1962,20-24,71.400,68.000,139.400
840,SGP,Medium,1962,25-29,62.500,59.600,122.100
840,SGP,Medium,1962,30-34,60.000,53.000,113.000
840,SGP,Medium,1962,35-39,49.900,40.700,90.600
840,SGP,Medium,1962,40-44,45.800,36.600,82.400
840,SGP,Medium,1962,45-49,42.000,33.500,75.500
840,SGP,Medium,1962,50-54,36.400,29.300,65.700
840,SGP,Medium,1962,55-59,27.100,22.500,49.600
840,SGP,Medium,1962,60-64,17.500,16.300,33.800
840,SGP,Medium,1962,65-69,9.100,11.200,20.300
840,SGP,Medium,1963,0-4,154.200,148.800,303.000
840,SGP,Medium,1963,5-9,140.900,135.100,276.000
840,SGP,Medium,1963,10-14,118.900,113.100,232.000
840,SGP,Medium,1963,15-19,81.900,77.100,159.000
840,SGP,Medium,1963,20-24,69.400,65.800,135.200
840,SGP,Medium,1963,25-29,63.200,61.800,125.000
840,SGP,Medium,1963,30-34,60.000,54.600,114.600
840,SGP,Medium,1963,35-39,51.200,42.600,93.800
840,SGP,Medium,1963,40-44,46.000,37.000,83.000
840,SGP,Medium,1963,45-49,42.000,33.900,75.900
840,SGP,Medium,1963,50-54,37.100,30.000,67.100
840,SGP,Medium,1963,55-59,27.700,23.300,51.000
840,SGP,Medium,1963,60-64,18.900,16.700,35.600
840,SGP,Medium,1963,65-69,10.100,11.500,21.600
840,SGP,Medium,1964,0-4,152.400,147.500,299.900
840,SGP,Medium,1964,5-9,144.800,139.200,284.000
840,SGP,Medium,1964,10-14,123.000,117.200,240.200
840,SGP,Medium,1964,15-19,90.200,85.600,175.800
840,SGP,Medium,1964,20-24,67.300,63.200,130.500
840,SGP,Medium,1964,25-29,67.000,65.000,132.000
840,SGP,Medium,1964,30-34,59.000,54.100,113.100
840,SGP,Medium,1964,35-39,54.300,45.900,100.200
840,SGP,Medium,1964,40-44,45.500,37.200,82.700
840,SGP,Medium,1964,45-49,42.600,34.500,77.100
840,SGP,Medium,1964,50-54,37.900,30.600,68.500
840,SGP,Medium,1964,55-59,28.800,24.900,53.700
840,SGP,Medium,1964,60-64,20.300,17.900,38.200
840,SGP,Medium,1964,65-69,10.500,11.800,22.300
840,SGP,Medium,1965,0-4,149.100,144.400,293.500
840,SGP,Medium,1965,5-9,148.600,142.500,291.100
840,SGP,Medium,1965,10-14,126.800,121.700,248.500
840,SGP,Medium,1965,15-19,102.300,96.300,198.600
840,SGP,Medium,1965,20-24,64.300,59.500,123.800
840,SGP,Medium,1965,25-29,69.900,68.000,137.900
840,SGP,Medium,1965,30-34,59.100,55.600,114.700
840,SGP,Medium,1965,35-39,55.900,48.100,104.000
840,SGP,Medium,1965,40-44,46.100,38.300,84.400
840,SGP,Medium,1965,45-49,42.300,34.900,77.200
840,SGP,Medium,1965,50-54,39.100,31.600,70.700
840,SGP,Medium,1965,55-59,29.600,25.300,54.900
840,SGP,Medium,1965,60-64,21.400,18.300,39.700
840,SGP,Medium,1965,65-69,11.100,12.900,24.000
840,SGP,Medium,1966,0-4,146.900,142.700,289.600
840,SGP,Medium,1966,5-9,151.700,145.900,297.600
840,SGP,Medium,1966,10-14,131.600,125.700,257.300
840,SGP,Medium,1966,15-19,110.000,105.200,215.200
840,SGP,Medium,1966,20-24,64.100,59.100,123.200
840,SGP,Medium,1966,25-29,71.100,68.900,140.000
840,SGP,Medium,1966,30-34,60.200,57.200,117.400
840,SGP,Medium,1966,35-39,57.900,51.300,109.200
840,SGP,Medium,1966,40-44,46.500,38.500,85.000
840,SGP,Medium,1966,45-49,44.000,36.200,80.200
840,SGP,Medium,1966,50-54,38.300,32.300,70.600
840,SGP,Medium,1966,55-59,30.500,26.100,56.600
840,SGP,Medium,1966,60-64,21.800,19.300,41.100
840,SGP,Medium,1966,65-69,12.300,13.300,25.600
840,SGP,Medium,1967,0-4,143.900,139.200,283.100
840,SGP,Medium,1967,5-9,152.900,147.400,300.300
840,SGP,Medium,1967,10-14,136.000,129.100,265.100
840,SGP,Medium,1967,15-19,113.500,109.000,222.500
840,SGP,Medium,1967,20-24,72.200,66.600,138.800
840,SGP,Medium,1967,25-29,70.800,67.600,138.400
840,SGP,Medium,1967,30-34,61.000,59.300,120.300
840,SGP,Medium,1967,35-39,58.400,52.900,111.300
840,SGP,Medium,1967,40-44,47.800,39.900,87.700
840,SGP,Medium,1967,45-49,43.500,36.300,79.800
840,SGP,Medium,1967,50-54,39.300,32.500,71.800
840,SGP,Medium,1967,55-59,32.600,27.500,60.100
840,SGP,Medium,1967,60-64,22.700,21.100,43.800
840,SGP,Medium,1967,65-69,13.700,14.200,27.900
840,SGP,Medium,1968,0-4,137.900,134.900,272.800
840,SGP,Medium,1968,5-9,151.700,146.200,297.900
840,SGP,Medium,1968,10-14,140.300,133.600,273.900
840,SGP,Medium,1968,15-19,117.400,112.400,229.800
840,SGP,Medium,1968,20-24,81.300,76.700,158.000
840,SGP,Medium,1968,25-29,69.100,65.100,134.200
840,SGP,Medium,1968,30-34,62.600,61.000,123.600
840,SGP,Medium,1968,35-39,59.100,53.000,112.100
840,SGP,Medium,1968,40-44,49.500,42.400,91.900
840,SGP,Medium,1968,45-49,43.600,36.700,80.300
840,SGP,Medium,1968,50-54,39.700,33.300,73.000
840,SGP,Medium,1968,55-59,33.300,28.100,61.400
840,SGP,Medium,1968,60-64,23.900,21.500,45.400
840,SGP,Medium,1968,65-69,14.900,15.200,30.100
840,SGP,Medium,1969,0-4,131.000,126.900,257.900
840,SGP,Medium,1969,5-9,149.900,145.200,295.100
840,SGP,Medium,1969,10-14,143.500,138.500,282.000
840,SGP,Medium,1969,15-19,122.000,116.700,238.700
840,SGP,Medium,1969,20-24,89.400,85.100,174.500
840,SGP,Medium,1969,25-29,66.300,62.700,129.000
840,SGP,Medium,1969,30-34,66.200,64.700,130.900
840,SGP,Medium,1969,35-39,57.900,53.700,111.600
840,SGP,Medium,1969,40-44,52.200,44.700,96.900
840,SGP,Medium,1969,45-49,43.700,37.100,80.800
840,SGP,Medium,1969,50-54,39.700,33.700,73.400
840,SGP,Medium,1969,55-59,34.400,29.400,63.800
840,SGP,Medium,1969,60-64,24.600,22.800,47.400
840,SGP,Medium,1969,65-69,16.300,15.500,31.800
840,SGP,Medium,1970,0-4,118.335,111.830,230.165
840,SGP,Medium,1970,5-9,140.633,133.364,273.997
840,SGP,Medium,1970,10-14,145.785,137.842,283.627
840,SGP,Medium,1970,15-19,123.436,117.246,240.682
840,SGP,Medium,1970,20-24,98.494,95.480,193.974
840,SGP,Medium,1970,25-29,62.779,61.808,124.587
840,SGP,Medium,1970,30-34,65.246,64.884,130.130
840,SGP,Medium,1970,35-39,56.208,52.836,109.044
840,SGP,Medium,1970,40-44,52.224,45.751,97.975
840,SGP,Medium,1970,45-49,42.788,36.777,79.565
840,SGP,Medium,1970,50-54,36.856,32.819,69.675
840,SGP,Medium,1970,55-59,33.373,30.662,64.035
840,SGP,Medium,1970,60-64,24.587,23.375,47.962
840,SGP,Medium,1970,65-69,16.237,16.658,32.895
840,SGP,Medium,1970,70-74,8.110,10.374,18.484
840,SGP,Medium,1970,75-79,3.775,6.231,10.006
840,SGP,Medium,1971,0-4,117.200,111.000,228.200
840,SGP,Medium,1971,5-9,141.600,135.100,276.700
840,SGP,Medium,1971,10-14,150.600,141.600,292.200
840,SGP,Medium,1971,15-19,131.100,124.900,256.000
840,SGP,Medium,1971,20-24,111.900,108.200,220.100
840,SGP,Medium,1971,25-29,66.700,65.700,132.400
840,SGP,Medium,1971,30-34,70.400,69.900,140.300
840,SGP,Medium,1971,35-39,59.200,56.500,115.700
840,SGP,Medium,1971,40-44,55.400,49.400,104.800
840,SGP,Medium,1971,45-49,44.900,38.500,83.400
840,SGP,Medium,1971,50-54,38.800,33.900,72.700
840,SGP,Medium,1971,55-59,33.800,31.100,64.900
840,SGP,Medium,1971,60-64,26.500,25.300,51.800
840,SGP,Medium,1971,65-69,16.800,17.600,34.400
840,SGP,Medium,1972,0-4,116.700,109.300,226.000
840,SGP,Medium,1972,5-9,138.000,131.500,269.500
840,SGP,Medium,1972,10-14,151.100,141.500,292.600
840,SGP,Medium,1972,15-19,137.500,130.800,268.300
840,SGP,Medium,1972,20-24,115.200,110.600,225.800
840,SGP,Medium,1972,25-29,74.800,73.400,148.200
840,SGP,Medium,1972,30-34,71.300,71.300,142.600
840,SGP,Medium,1972,35-39,60.300,57.700,118.000
840,SGP,Medium,1972,40-44,55.900,50.400,106.300
840,SGP,Medium,1972,45-49,45.700,39.400,85.100
840,SGP,Medium,1972,50-54,38.900,34.600,73.500
840,SGP,Medium,1972,55-59,32.600,30.800,63.400
840,SGP,Medium,1972,60-64,27.800,26.400,54.200
840,SGP,Medium,1972,65-69,17.900,18.600,36.500
840,SGP,Medium,1973,0-4,117.400,109.800,227.200
840,SGP,Medium,1973,5-9,133.400,126.600,260.000
840,SGP,Medium,1973,10-14,150.100,140.400,290.500
840,SGP,Medium,1973,15-19,142.500,135.500,278.000
840,SGP,Medium,1973,20-24,119.100,114.300,233.400
840,SGP,Medium,1973,25-29,84.600,82.200,166.800
840,SGP,Medium,1973,30-34,71.700,71.500,143.200
840,SGP,Medium,1973,35-39,60.600,58.700,119.300
840,SGP,Medium,1973,40-44,56.200,51.200,107.400
840,SGP,Medium,1973,45-49,47.600,41.100,88.700
840,SGP,Medium,1973,50-54,39.700,35.500,75.200
840,SGP,Medium,1973,55-59,32.700,31.200,63.900
840,SGP,Medium,1973,60-64,28.300,27.800,56.100
840,SGP,Medium,1973,65-69,18.500,19.100,37.600
840,SGP,Medium,1974,0-4,117.900,109.900,227.800
840,SGP,Medium,1974,5-9,126.600,120.400,247.000
840,SGP,Medium,1974,10-14,149.200,140.500,289.700
840,SGP,Medium,1974,15-19,146.300,138.700,285.000
840,SGP,Medium,1974,20-24,123.700,118.200,241.900
840,SGP,Medium,1974,25-29,93.000,90.400,183.400
840,SGP,Medium,1974,30-34,70.900,70.200,141.100
840,SGP,Medium,1974,35-39,64.200,63.300,127.500
840,SGP,Medium,1974,40-44,55.700,51.900,107.600
840,SGP,Medium,1974,45-49,49.400,43.000,92.400
840,SGP,Medium,1974,50-54,40.100,35.700,75.800
840,SGP,Medium,1974,55-59,33.600,31.100,64.700
840,SGP,Medium,1974,60-64,29.000,28.200,57.200
840,SGP,Medium,1974,65-69,19.700,20.400,40.100
840,SGP,Medium,1975,0-4,117.900,110.100,228.000
840,SGP,Medium,1975,5-9,120.300,114.000,234.300
840,SGP,Medium,1975,10-14,145.900,137.700,283.600
840,SGP,Medium,1975,15-19,150.900,141.900,292.800
840,SGP,Medium,1975,20-24,127.500,122.100,249.600
840,SGP,Medium,1975,25-29,105.200,101.900,207.100
840,SGP,Medium,1975,30-34,67.900,66.200,134.100
840,SGP,Medium,1975,35-39,67.400,66.600,134.000
840,SGP,Medium,1975,40-44,56.500,53.700,110.200
840,SGP,Medium,1975,45-49,51.300,45.700,97.000
840,SGP,Medium,1975,50-54,40.900,36.000,76.900
840,SGP,Medium,1975,55-59,34.100,31.900,66.000
840,SGP,Medium,1975,60-64,29.100,28.400,57.500
840,SGP,Medium,1975,65-69,20.400,21.000,41.400
840,SGP,Medium,1976,0-4,114.500,106.800,221.300
840,SGP,Medium,1976,5-9,116.800,110.500,227.300
840,SGP,Medium,1976,10-14,142.800,135.100,277.900
840,SGP,Medium,1976,15-19,153.100,143.100,296.200
840,SGP,Medium,1976,20-24,132.900,127.200,260.100
840,SGP,Medium,1976,25-29,113.700,110.100,223.800
840,SGP,Medium,1976,30-34,67.900,65.900,133.800
840,SGP,Medium,1976,35-39,69.800,69.200,139.000
840,SGP,Medium,1976,40-44,57.800,55.400,113.200
840,SGP,Medium,1976,45-49,52.800,47.700,100.500
840,SGP,Medium,1976,50-54,41.600,36.700,78.300
840,SGP,Medium,1976,55-59,35.000,32.700,67.700
840,SGP,Medium,1976,60-64,28.700,28.700,57.400
840,SGP,Medium,1976,65-69,21.800,22.300,44.100
840,SGP,Medium,1977,0-4,111.300,103.800,215.100
840,SGP,Medium,1977,5-9,115.700,108.800,224.500
840,SGP,Medium,1977,10-14,138.300,131.400,269.700
840,SGP,Medium,1977,15-19,153.800,143.100,296.900
840,SGP,Medium,1977,20-24,139.200,132.800,272.000
840,SGP,Medium,1977,25-29,116.500,112.500,229.000
840,SGP,Medium,1977,30-34,76.800,74.400,151.200
840,SGP,Medium,1977,35-39,71.400,70.900,142.300
840,SGP,Medium,1977,40-44,58.400,56.300,114.700
840,SGP,Medium,1977,45-49,53.200,49.200,102.400
840,SGP,Medium,1977,50-54,43.100,38.000,81.100
840,SGP,Medium,1977,55-59,35.400,32.800,68.200
840,SGP,Medium,1977,60-64,28.400,28.700,57.100
840,SGP,Medium,1977,65-69,22.800,23.500,46.300
840,SGP,Medium,1978,0-4,105.800,98.400,204.200
840,SGP,Medium,1978,5-9,116.200,109.000,225.200
840,SGP,Medium,1978,10-14,133.300,126.200,259.500
840,SGP,Medium,1978,15-19,153.000,142.900,295.900
840,SGP,Medium,1978,20-24,144.400,137.000,281.400
840,SGP,Medium,1978,25-29,120.700,116.000,236.700
840,SGP,Medium,1978,30-34,86.000,83.400,169.400
840,SGP,Medium,1978,35-39,71.700,71.300,143.000
840,SGP,Medium,1978,40-44,59.600,57.500,117.100
840,SGP,Medium,1978,45-49,53.800,50.000,103.800
840,SGP,Medium,1978,50-54,44.500,40.000,84.500
840,SGP,Medium,1978,55-59,36.100,33.500,69.600
840,SGP,Medium,1978,60-64,28.600,28.800,57.400
840,SGP,Medium,1978,65-69,23.300,24.600,47.900
840,SGP,Medium,1979,0-4,102.800,95.200,198.000
840,SGP,Medium,1979,5-9,116.500,108.900,225.400
840,SGP,Medium,1979,10-14,126.400,119.900,246.300
840,SGP,Medium,1979,15-19,151.800,142.100,293.900
840,SGP,Medium,1979,20-24,148.500,140.500,289.000
840,SGP,Medium,1979,25-29,125.000,119.900,244.900
840,SGP,Medium,1979,30-34,95.100,92.000,187.100
840,SGP,Medium,1979,35-39,71.800,70.300,142.100
840,SGP,Medium,1979,40-44,63.300,61.900,125.200
840,SGP,Medium,1979,45-49,53.700,50.600,104.300
840,SGP,Medium,1979,50-54,46.500,42.200,88.700
840,SGP,Medium,1979,55-59,36.400,34.100,70.500
840,SGP,Medium,1979,60-64,29.100,29.200,58.300
840,SGP,Medium,1979,65-69,23.700,25.200,48.900
840,SGP,Medium,1980,0-4,96.694,89.146,185.840
840,SGP,Medium,1980,5-9,112.015,104.615,216.630
840,SGP,Medium,1980,10-14,116.841,111.305,228.146
840,SGP,Medium,1980,15-19,139.250,131.286,270.536
840,SGP,Medium,1980,20-24,139.868,132.310,272.178
840,SGP,Medium,1980,25-29,118.027,114.768,232.795
840,SGP,Medium,1980,30-34,97.817,96.433,194.250
840,SGP,Medium,1980,35-39,62.317,62.379,124.696
840,SGP,Medium,1980,40-44,62.133,61.956,124.089
840,SGP,Medium,1980,45-49,52.117,50.845,102.962
840,SGP,Medium,1980,50-54,46.536,43.638,90.174
840,SGP,Medium,1980,55-59,35.806,33.641,69.447
840,SGP,Medium,1980,60-64,29.162,29.287,58.449
840,SGP,Medium,1980,65-69,23.377,25.045,48.422
840,SGP,Medium,1980,70-74,15.207,17.546,32.753
840,SGP,Medium,1980,75-79,7.750,10.570,18.320
840,SGP,Medium,1980,80-84,2.835,5.070,7.905
840,SGP,Medium,1981,0-4,98.283,90.855,189.138
840,SGP,Medium,1981,5-9,109.523,102.142,211.665
840,SGP,Medium,1981,10-14,113.583,107.591,221.174
840,SGP,Medium,1981,15-19,136.375,129.636,266.011
840,SGP,Medium,1981,20-24,143.056,135.024,278.080
840,SGP,Medium,1981,25-29,124.865,120.980,245.845
840,SGP,Medium,1981,30-34,106.012,104.766,210.778
840,SGP,Medium,1981,35-39,62.718,62.073,124.791
840,SGP,Medium,1981,40-44,64.854,64.931,129.785
840,SGP,Medium,1981,45-49,53.396,52.544,105.940
840,SGP,Medium,1981,50-54,48.052,45.607,93.659
840,SGP,Medium,1981,55-59,36.855,34.512,71.367
840,SGP,Medium,1981,60-64,30.071,30.020,60.091
840,SGP,Medium,1981,65-69,23.143,25.298,48.441
840,SGP,Medium,1981,70-74,16.386,18.678,35.064
840,SGP,Medium,1982,0-4,99.856,92.107,191.964
840,SGP,Medium,1982,5-9,106.943,99.656,206.599
840,SGP,Medium,1982,10-14,112.623,105.821,218.444
840,SGP,Medium,1982,15-19,132.511,126.663,259.173
840,SGP,Medium,1982,20-24,143.375,135.605,278.979
840,SGP,Medium,1982,25-29,131.952,127.298,259.250
840,SGP,Medium,1982,30-34,109.034,107.722,216.756
840,SGP,Medium,1982,35-39,71.493,70.553,142.046
840,SGP,Medium,1982,40-44,66.499,66.905,133.404
840,SGP,Medium,1982,45-49,53.943,52.981,106.924
840,SGP,Medium,1982,50-54,48.801,46.876,95.678
840,SGP,Medium,1982,55-59,38.512,36.155,74.667
840,SGP,Medium,1982,60-64,30.693,30.482,61.175
840,SGP,Medium,1982,65-69,23.215,25.641,48.856
840,SGP,Medium,1982,70-74,17.272,19.825,37.097
840,SGP,Medium,1983,0-4,102.968,94.790,197.758
840,SGP,Medium,1983,5-9,102.192,95.282,197.474
840,SGP,Medium,1983,10-14,113.364,106.242,219.605
840,SGP,Medium,1983,15-19,128.092,122.279,250.371
840,SGP,Medium,1983,20-24,142.748,135.539,278.286
840,SGP,Medium,1983,25-29,137.716,132.611,270.327
840,SGP,Medium,1983,30-34,113.519,111.706,225.225
840,SGP,Medium,1983,35-39,80.546,79.505,160.051
840,SGP,Medium,1983,40-44,66.856,67.184,134.040
840,SGP,Medium,1983,45-49,55.024,54.142,109.166
840,SGP,Medium,1983,50-54,49.618,47.679,97.296
840,SGP,Medium,1983,55-59,40.295,38.180,78.475
840,SGP,Medium,1983,60-64,31.373,31.289,62.662
840,SGP,Medium,1983,65-69,23.633,25.970,49.603
840,SGP,Medium,1983,70-74,17.814,20.850,38.665
840,SGP,Medium,1984,0-4,103.587,95.561,199.148
840,SGP,Medium,1984,5-9,100.235,93.155,193.390
840,SGP,Medium,1984,10-14,114.103,106.485,220.588
840,SGP,Medium,1984,15-19,121.754,116.328,238.082
840,SGP,Medium,1984,20-24,141.578,135.120,276.698
840,SGP,Medium,1984,25-29,141.934,136.774,278.708
840,SGP,Medium,1984,30-34,118.752,115.968,234.721
840,SGP,Medium,1984,35-39,89.216,87.780,176.996
840,SGP,Medium,1984,40-44,66.825,66.554,133.379
840,SGP,Medium,1984,45-49,58.376,57.754,116.130
840,SGP,Medium,1984,50-54,49.981,48.537,98.518
840,SGP,Medium,1984,55-59,42.367,40.640,83.007
840,SGP,Medium,1984,60-64,32.117,32.001,64.118
840,SGP,Medium,1984,65-69,24.228,26.502,50.731
840,SGP,Medium,1984,70-74,18.249,21.572,39.820
840,SGP,Medium,1985,0-4,105.542,97.803,203.346
840,SGP,Medium,1985,5-9,99.654,92.386,192.039
840,SGP,Medium,1985,10-14,113.493,105.871,219.364
840,SGP,Medium,1985,15-19,116.829,111.068,227.897
840,SGP,Medium,1985,20-24,138.585,133.101,271.686
840,SGP,Medium,1985,25-29,145.632,139.609,285.241
840,SGP,Medium,1985,30-34,123.902,120.702,244.604
840,SGP,Medium,1985,35-39,100.859,99.158,200.017
840,SGP,Medium,1985,40-44,63.731,63.188,126.919
840,SGP,Medium,1985,45-49,61.023,60.320,121.343
840,SGP,Medium,1985,50-54,51.296,50.649,101.945
840,SGP,Medium,1985,55-59,44.245,43.019,87.264
840,SGP,Medium,1985,60-64,32.948,32.354,65.302
840,SGP,Medium,1985,65-69,25.013,27.284,52.297
840,SGP,Medium,1985,70-74,18.597,22.075,40.671
840,SGP,Medium,1986,0-4,105.188,97.069,202.257
840,SGP,Medium,1986,5-9,100.998,93.846,194.844
840,SGP,Medium,1986,10-14,110.964,103.554,214.518
840,SGP,Medium,1986,15-19,113.735,107.203,220.938
840,SGP,Medium,1986,20-24,135.509,131.091,266.601
840,SGP,Medium,1986,25-29,147.643,141.148,288.791
840,SGP,Medium,1986,30-34,130.100,126.312,256.412
840,SGP,Medium,1986,35-39,109.188,107.452,216.640
840,SGP,Medium,1986,40-44,63.977,62.862,126.838
840,SGP,Medium,1986,45-49,64.183,63.899,128.081
840,SGP,Medium,1986,50-54,52.227,51.799,104.026
840,SGP,Medium,1986,55-59,45.641,44.707,90.347
840,SGP,Medium,1986,60-64,34.031,33.425,67.456
840,SGP,Medium,1986,65-69,25.901,27.937,53.838
840,SGP,Medium,1986,70-74,18.598,22.359,40.957
840,SGP,Medium,1987,0-4,103.875,96.193,200.069
840,SGP,Medium,1987,5-9,102.000,94.553,196.552
840,SGP,Medium,1987,10-14,108.517,101.326,209.844
840,SGP,Medium,1987,15-19,112.959,105.582,218.541
840,SGP,Medium,1987,20-24,131.715,127.702,259.416
840,SGP,Medium,1987,25-29,147.155,140.927,288.082
840,SGP,Medium,1987,30-34,136.494,131.828,268.321
840,SGP,Medium,1987,35-39,112.229,110.227,222.456
840,SGP,Medium,1987,40-44,72.822,71.483,144.305
840,SGP,Medium,1987,45-49,66.151,66.280,132.431
840,SGP,Medium,1987,50-54,52.432,51.765,104.197
840,SGP,Medium,1987,55-59,46.404,45.774,92.179
840,SGP,Medium,1987,60-64,35.604,35.137,70.741
840,SGP,Medium,1987,65-69,26.669,28.509,55.177
840,SGP,Medium,1987,70-74,18.909,22.818,41.727
840,SGP,Medium,1988,0-4,106.231,98.636,204.867
840,SGP,Medium,1988,5-9,104.725,96.808,201.533
840,SGP,Medium,1988,10-14,103.915,97.133,201.049
840,SGP,Medium,1988,15-19,113.944,106.298,220.242
840,SGP,Medium,1988,20-24,127.731,123.544,251.275
840,SGP,Medium,1988,25-29,146.510,140.630,287.140
840,SGP,Medium,1988,30-34,141.485,136.547,278.032
840,SGP,Medium,1988,35-39,117.067,114.184,231.251
840,SGP,Medium,1988,40-44,81.909,80.591,162.500
840,SGP,Medium,1988,45-49,66.690,66.687,133.377
840,SGP,Medium,1988,50-54,53.450,52.830,106.280
840,SGP,Medium,1988,55-59,47.252,46.484,93.736
840,SGP,Medium,1988,60-64,37.354,37.133,74.487
840,SGP,Medium,1988,65-69,27.410,29.392,56.802
840,SGP,Medium,1988,70-74,19.338,23.228,42.566
840,SGP,Medium,1989,0-4,112.238,104.448,216.686
840,SGP,Medium,1989,5-9,105.013,97.058,202.071
840,SGP,Medium,1989,10-14,102.036,95.169,197.204
840,SGP,Medium,1989,15-19,114.848,107.100,221.948
840,SGP,Medium,1989,20-24,121.970,117.589,239.559
840,SGP,Medium,1989,25-29,145.517,140.447,285.964
840,SGP,Medium,1989,30-34,145.218,140.311,285.529
840,SGP,Medium,1989,35-39,122.653,118.615,241.269
840,SGP,Medium,1989,40-44,90.501,88.766,179.267
840,SGP,Medium,1989,45-49,66.911,66.381,133.292
840,SGP,Medium,1989,50-54,56.392,56.019,112.410
840,SGP,Medium,1989,55-59,47.986,47.658,95.644
840,SGP,Medium,1989,60-64,39.166,39.564,78.730
840,SGP,Medium,1989,65-69,28.305,29.994,58.298
840,SGP,Medium,1989,70-74,19.759,23.739,43.498
840,SGP,Medium,1990,0-4,116.014,108.035,224.049
840,SGP,Medium,1990,5-9,106.723,98.905,205.628
840,SGP,Medium,1990,10-14,102.654,95.822,198.476
840,SGP,Medium,1990,15-19,115.214,108.091,223.305
840,SGP,Medium,1990,20-24,121.601,117.386,238.987
840,SGP,Medium,1990,25-29,147.751,143.189,290.940
840,SGP,Medium,1990,30-34,152.133,146.190,298.323
840,SGP,Medium,1990,35-39,130.423,125.570,255.993
840,SGP,Medium,1990,40-44,104.452,101.611,206.063
840,SGP,Medium,1990,45-49,64.792,63.647,128.439
840,SGP,Medium,1990,50-54,59.522,58.570,118.092
840,SGP,Medium,1990,55-59,49.910,50.192,100.102
840,SGP,Medium,1990,60-64,41.095,41.926,83.021
840,SGP,Medium,1990,65-69,29.391,30.505,59.896
840,SGP,Medium,1990,70-74,20.513,24.534,45.047
840,SGP,Medium,1990,75-79,13.899,18.437,32.336
840,SGP,Medium,1990,80-84,7.028,10.498,17.526
840,SGP,Medium,1991,0-4,121.913,113.605,235.519
840,SGP,Medium,1991,5-9,107.046,98.761,205.807
840,SGP,Medium,1991,10-14,104.034,97.121,201.155
840,SGP,Medium,1991,15-19,112.489,105.668,218.157
840,SGP,Medium,1991,20-24,118.824,115.835,234.658
840,SGP,Medium,1991,25-29,146.404,143.436,289.839
840,SGP,Medium,1991,30-34,154.828,149.194,304.022
840,SGP,Medium,1991,35-39,137.016,132.175,269.191
840,SGP,Medium,1991,40-44,113.672,110.538,224.210
840,SGP,Medium,1991,45-49,65.353,63.651,129.004
840,SGP,Medium,1991,50-54,63.409,63.081,126.490
840,SGP,Medium,1991,55-59,50.531,50.866,101.397
840,SGP,Medium,1991,60-64,42.376,43.353,85.729
840,SGP,Medium,1991,65-69,30.427,31.561,61.988
840,SGP,Medium,1991,70-74,21.013,24.855,45.868
840,SGP,Medium,1991,75-79,13.879,18.597,32.475
840,SGP,Medium,1991,80-84,7.632,11.225,18.856
840,SGP,Medium,1992,0-4,126.806,118.945,245.751
840,SGP,Medium,1992,5-9,106.294,98.430,204.724
840,SGP,Medium,1992,10-14,104.741,97.429,202.170
840,SGP,Medium,1992,15-19,109.940,103.391,213.331
840,SGP,Medium,1992,20-24,118.217,116.588,234.805
840,SGP,Medium,1992,25-29,143.986,142.504,286.490
840,SGP,Medium,1992,30-34,155.296,150.733,306.029
840,SGP,Medium,1992,35-39,143.278,138.410,281.688
840,SGP,Medium,1992,40-44,117.088,113.914,231.002
840,SGP,Medium,1992,45-49,74.612,72.772,147.384
840,SGP,Medium,1992,50-54,65.828,66.074,131.902
840,SGP,Medium,1992,55-59,50.580,50.648,101.228
840,SGP,Medium,1992,60-64,43.111,44.282,87.393
840,SGP,Medium,1992,65-69,31.793,33.212,65.005
840,SGP,Medium,1992,70-74,21.579,25.208,46.787
840,SGP,Medium,1992,75-79,13.987,18.815,32.802
840,SGP,Medium,1992,80-84,8.075,11.956,20.031
840,SGP,Medium,1993,0-4,128.483,120.288,248.771
840,SGP,Medium,1993,5-9,108.966,101.393,210.359
840,SGP,Medium,1993,10-14,107.299,99.399,206.698
840,SGP,Medium,1993,15-19,105.176,98.909,204.085
840,SGP,Medium,1993,20-24,119.113,118.754,237.867
840,SGP,Medium,1993,25-29,140.995,140.794,281.789
840,SGP,Medium,1993,30-34,155.608,152.122,307.731
840,SGP,Medium,1993,35-39,147.994,143.785,291.778
840,SGP,Medium,1993,40-44,121.914,118.404,240.317
840,SGP,Medium,1993,45-49,84.040,82.292,166.332
840,SGP,Medium,1993,50-54,66.585,66.814,133.399
840,SGP,Medium,1993,55-59,51.736,51.944,103.679
840,SGP,Medium,1993,60-64,44.040,45.023,89.063
840,SGP,Medium,1993,65-69,33.415,35.106,68.521
840,SGP,Medium,1993,70-74,22.123,25.865,47.987
840,SGP,Medium,1993,75-79,14.091,18.877,32.968
840,SGP,Medium,1993,80-84,8.375,12.575,20.950
840,SGP,Medium,1994,0-4,127.478,119.544,247.022
840,SGP,Medium,1994,5-9,115.808,108.016,223.824
840,SGP,Medium,1994,10-14,107.508,99.524,207.032
840,SGP,Medium,1994,15-19,103.187,96.815,200.002
840,SGP,Medium,1994,20-24,119.711,119.541,239.253
840,SGP,Medium,1994,25-29,135.450,137.814,273.264
840,SGP,Medium,1994,30-34,155.684,153.650,309.334
840,SGP,Medium,1994,35-39,151.809,148.324,300.133
840,SGP,Medium,1994,40-44,127.357,123.426,250.783
840,SGP,Medium,1994,45-49,92.899,90.865,183.764
840,SGP,Medium,1994,50-54,66.989,66.821,133.810
840,SGP,Medium,1994,55-59,54.818,55.309,110.127
840,SGP,Medium,1994,60-64,45.026,46.282,91.308
840,SGP,Medium,1994,65-69,35.045,37.394,72.439
840,SGP,Medium,1994,70-74,22.938,26.345,49.283
840,SGP,Medium,1994,75-79,14.296,19.110,33.406
840,SGP,Medium,1994,80-84,8.565,12.895,21.460
840,SGP,Medium,1995,0-4,128.032,120.057,248.089
840,SGP,Medium,1995,5-9,119.331,111.252,230.583
840,SGP,Medium,1995,10-14,108.670,100.914,209.583
840,SGP,Medium,1995,15-19,103.121,96.777,199.898
840,SGP,Medium,1995,20-24,118.792,118.633,237.425
840,SGP,Medium,1995,25-29,131.308,135.702,267.010
840,SGP,Medium,1995,30-34,154.906,153.919,308.824
840,SGP,Medium,1995,35-39,155.495,151.939,307.434
840,SGP,Medium,1995,40-44,132.331,128.663,260.994
840,SGP,Medium,1995,45-49,105.077,103.009,208.085
840,SGP,Medium,1995,50-54,64.130,63.936,128.066
840,SGP,Medium,1995,55-59,57.559,57.972,115.530
840,SGP,Medium,1995,60-64,46.606,48.721,95.326
840,SGP,Medium,1995,65-69,36.600,39.491,76.091
840,SGP,Medium,1995,70-74,23.848,26.749,50.597
840,SGP,Medium,1995,75-79,14.624,19.554,34.178
840,SGP,Medium,1995,80-84,8.609,13.080,21.689
840,SGP,Medium,1996,0-4,126.375,118.773,245.148
840,SGP,Medium,1996,5-9,125.239,117.031,242.270
840,SGP,Medium,1996,10-14,108.755,100.567,209.322
840,SGP,Medium,1996,15-19,104.381,97.998,202.379
840,SGP,Medium,1996,20-24,116.130,115.634,231.764
840,SGP,Medium,1996,25-29,128.973,134.508,263.481
840,SGP,Medium,1996,30-34,154.607,154.488,309.094
840,SGP,Medium,1996,35-39,158.467,154.799,313.266
840,SGP,Medium,1996,40-44,138.535,135.151,273.686
840,SGP,Medium,1996,45-49,113.906,111.862,225.769
840,SGP,Medium,1996,50-54,64.546,63.951,128.497
840,SGP,Medium,1996,55-59,61.248,62.504,123.752
840,SGP,Medium,1996,60-64,47.365,49.426,96.790
840,SGP,Medium,1996,65-69,37.736,40.853,78.589
840,SGP,Medium,1996,70-74,24.993,27.965,52.958
840,SGP,Medium,1996,75-79,14.874,19.783,34.657
840,SGP,Medium,1996,80-84,8.561,13.189,21.751
840,SGP,Medium,1997,0-4,125.835,117.424,243.259
840,SGP,Medium,1997,5-9,130.512,122.799,253.311
840,SGP,Medium,1997,10-14,108.056,100.332,208.388
840,SGP,Medium,1997,15-19,105.003,98.426,203.429
840,SGP,Medium,1997,20-24,113.576,113.188,226.764
840,SGP,Medium,1997,25-29,129.020,135.749,264.769
840,SGP,Medium,1997,30-34,152.953,153.820,306.773
840,SGP,Medium,1997,35-39,159.515,156.429,315.944
840,SGP,Medium,1997,40-44,144.845,141.414,286.259
840,SGP,Medium,1997,45-49,117.197,115.228,232.426
840,SGP,Medium,1997,50-54,73.673,72.903,146.576
840,SGP,Medium,1997,55-59,63.558,65.445,129.003
840,SGP,Medium,1997,60-64,47.409,49.357,96.766
840,SGP,Medium,1997,65-69,38.577,41.748,80.324
840,SGP,Medium,1997,70-74,26.522,29.654,56.176
840,SGP,Medium,1997,75-79,15.296,20.145,35.441
840,SGP,Medium,1997,80-84,8.541,13.318,21.859
840,SGP,Medium,1998,0-4,123.898,116.174,240.072
840,SGP,Medium,1998,5-9,132.788,124.652,257.440
840,SGP,Medium,1998,10-14,110.977,103.466,214.443
840,SGP,Medium,1998,15-19,107.626,100.655,208.282
840,SGP,Medium,1998,20-24,108.535,108.725,217.260
840,SGP,Medium,1998,25-29,130.263,138.254,268.517
840,SGP,Medium,1998,30-34,151.047,153.056,304.104
840,SGP,Medium,1998,35-39,161.001,158.207,319.208
840,SGP,Medium,1998,40-44,149.792,146.963,296.755
840,SGP,Medium,1998,45-49,122.140,119.723,241.863
840,SGP,Medium,1998,50-54,82.934,82.406,165.341
840,SGP,Medium,1998,55-59,64.250,66.084,130.334
840,SGP,Medium,1998,60-64,48.562,50.617,99.178
840,SGP,Medium,1998,65-69,39.556,42.562,82.118
840,SGP,Medium,1998,70-74,28.188,31.669,59.856
840,SGP,Medium,1998,75-79,15.707,20.716,36.422
840,SGP,Medium,1998,80-84,8.614,13.481,22.095
840,SGP,Medium,1999,0-4,120.308,112.306,232.614
840,SGP,Medium,1999,5-9,132.013,124.136,256.149
840,SGP,Medium,1999,10-14,117.936,110.255,228.191
840,SGP,Medium,1999,15-19,107.777,100.823,208.600
840,SGP,Medium,1999,20-24,106.432,106.600,213.031
840,SGP,Medium,1999,25-29,130.968,139.249,270.217
840,SGP,Medium,1999,30-34,146.312,150.555,296.867
840,SGP,Medium,1999,35-39,162.187,160.102,322.289
840,SGP,Medium,1999,40-44,153.861,151.380,305.241
840,SGP,Medium,1999,45-49,127.638,124.644,252.282
840,SGP,Medium,1999,50-54,91.772,90.966,182.738
840,SGP,Medium,1999,55-59,64.589,66.042,130.631
840,SGP,Medium,1999,60-64,51.499,53.871,105.370
840,SGP,Medium,1999,65-69,40.484,43.907,84.391
840,SGP,Medium,1999,70-74,29.691,33.901,63.592
840,SGP,Medium,1999,75-79,16.561,21.390,37.951
840,SGP,Medium,1999,80-84,8.710,13.635,22.345
840,SGP,Medium,2000,0-4,116.756,108.949,225.705
840,SGP,Medium,2000,5-9,132.200,124.374,256.574
840,SGP,Medium,2000,10-14,121.639,113.713,235.352
840,SGP,Medium,2000,15-19,109.002,102.284,211.286
840,SGP,Medium,2000,20-24,106.249,105.987,212.236
840,SGP,Medium,2000,25-29,129.285,137.876,267.161
840,SGP,Medium,2000,30-34,141.827,148.463,290.290
840,SGP,Medium,2000,35-39,162.037,160.584,322.621
840,SGP,Medium,2000,40-44,157.640,154.780,312.420
840,SGP,Medium,2000,45-49,132.445,129.756,262.201
840,SGP,Medium,2000,50-54,103.766,102.891,206.657
840,SGP,Medium,2000,55-59,61.934,63.127,125.061
840,SGP,Medium,2000,60-64,54.023,56.480,110.503
840,SGP,Medium,2000,65-69,42.153,46.152,88.305
840,SGP,Medium,2000,70-74,31.122,35.826,66.948
840,SGP,Medium,2000,75-79,17.604,22.040,39.644
840,SGP,Medium,2000,80-84,8.872,14.004,22.876
840,SGP,Medium,2000,85-89,4.339,7.753,12.092
840,SGP,Medium,2000,90&Over,1.774,3.657,5.431
840,SGP,Medium,2001,0-4,115.533,107.458,222.991
840,SGP,Medium,2001,5-9,130.786,123.291,254.077
840,SGP,Medium,2001,10-14,127.455,119.517,246.972
840,SGP,Medium,2001,15-19,108.928,101.975,210.903
840,SGP,Medium,2001,20-24,107.436,107.200,214.636
840,SGP,Medium,2001,25-29,126.761,135.993,262.754
840,SGP,Medium,2001,30-34,138.964,147.726,286.690
840,SGP,Medium,2001,35-39,161.663,161.215,322.878
840,SGP,Medium,2001,40-44,160.573,157.423,317.996
840,SGP,Medium,2001,45-49,138.536,136.033,274.569
840,SGP,Medium,2001,50-54,112.423,111.419,223.842
840,SGP,Medium,2001,55-59,62.358,63.091,125.449
840,SGP,Medium,2001,60-64,57.690,60.816,118.506
840,SGP,Medium,2001,65-69,42.805,46.871,89.676
840,SGP,Medium,2001,70-74,31.911,37.137,69.048
840,SGP,Medium,2001,75-79,18.975,23.526,42.501
840,SGP,Medium,2001,80-84,9.309,14.588,23.897
840,SGP,Medium,2001,85-89,4.445,8.055,12.500
840,SGP,Medium,2001,90&Over,2.007,4.010,6.017
840,SGP,Medium,2002,0-4,112.705,105.093,217.798
840,SGP,Medium,2002,5-9,130.717,122.475,253.192
840,SGP,Medium,2002,10-14,132.502,125.190,257.692
840,SGP,Medium,2002,15-19,108.100,101.587,209.687
840,SGP,Medium,2002,20-24,108.264,108.049,216.313
840,SGP,Medium,2002,25-29,126.255,136.465,262.720
840,SGP,Medium,2002,30-34,139.579,149.605,289.184
840,SGP,Medium,2002,35-39,160.129,160.624,320.753
840,SGP,Medium,2002,40-44,161.909,158.954,320.863
840,SGP,Medium,2002,45-49,144.727,142.011,286.738
840,SGP,Medium,2002,50-54,115.719,114.648,230.367
840,SGP,Medium,2002,55-59,71.321,71.854,143.175
840,SGP,Medium,2002,60-64,59.769,63.669,123.438
840,SGP,Medium,2002,65-69,42.764,46.823,89.587
840,SGP,Medium,2002,70-74,32.621,38.021,70.642
840,SGP,Medium,2002,75-79,20.493,25.337,45.830
840,SGP,Medium,2002,80-84,9.929,15.284,25.213
840,SGP,Medium,2002,85-89,4.567,8.480,13.047
840,SGP,Medium,2002,90&Over,2.225,4.480,6.705
840,SGP,Medium,2003,0-4,108.553,101.350,209.903
840,SGP,Medium,2003,5-9,127.297,119.747,247.044
840,SGP,Medium,2003,10-14,133.412,125.712,259.124
840,SGP,Medium,2003,15-19,110.336,103.738,214.074
840,SGP,Medium,2003,20-24,107.408,108.004,215.412
840,SGP,Medium,2003,25-29,119.975,130.903,250.878
840,SGP,Medium,2003,30-34,138.293,149.011,287.304
840,SGP,Medium,2003,35-39,154.963,155.680,310.643
840,SGP,Medium,2003,40-44,160.889,157.393,318.282
840,SGP,Medium,2003,45-49,147.831,144.960,292.791
840,SGP,Medium,2003,50-54,117.357,115.823,233.180
840,SGP,Medium,2003,55-59,78.448,79.446,157.894
840,SGP,Medium,2003,60-64,58.848,62.876,121.724
840,SGP,Medium,2003,65-69,42.892,46.991,89.883
840,SGP,Medium,2003,70-74,32.055,37.947,70.002
840,SGP,Medium,2003,75-79,18.112,24.751,42.863
840,SGP,Medium,2003,80-84,10.018,15.765,25.783
840,SGP,Medium,2003,85-89,4.568,8.649,13.217
840,SGP,Medium,2003,90&Over,2.146,4.744,6.890
840,SGP,Medium,2004,0-4,105.608,99.211,204.819
840,SGP,Medium,2004,5-9,124.236,116.281,240.517
840,SGP,Medium,2004,10-14,132.324,124.959,257.283
840,SGP,Medium,2004,15-19,117.071,110.346,227.417
840,SGP,Medium,2004,20-24,108.156,107.061,215.217
840,SGP,Medium,2004,25-29,117.737,128.976,246.713
840,SGP,Medium,2004,30-34,139.648,150.841,290.489
840,SGP,Medium,2004,35-39,149.879,153.029,302.908
840,SGP,Medium,2004,40-44,161.981,159.076,321.057
840,SGP,Medium,2004,45-49,151.609,149.062,300.671
840,SGP,Medium,2004,50-54,123.183,120.927,244.110
840,SGP,Medium,2004,55-59,87.099,87.689,174.788
840,SGP,Medium,2004,60-64,59.623,63.113,122.736
840,SGP,Medium,2004,65-69,45.775,50.232,96.007
840,SGP,Medium,2004,70-74,33.149,39.336,72.485
840,SGP,Medium,2004,75-79,20.270,27.605,47.875
840,SGP,Medium,2004,80-84,10.562,16.302,26.864
840,SGP,Medium,2004,85-89,4.788,8.990,13.778
840,SGP,Medium,2004,90&Over,2.333,5.199,7.532
840,SGP,Medium,2005,0-4,102.678,96.851,199.529
840,SGP,Medium,2005,5-9,122.334,114.903,237.237
840,SGP,Medium,2005,10-14,132.959,125.594,258.553
840,SGP,Medium,2005,15-19,120.893,114.028,234.921
840,SGP,Medium,2005,20-24,110.609,108.342,218.951
840,SGP,Medium,2005,25-29,118.231,129.568,247.799
840,SGP,Medium,2005,30-34,141.464,151.950,293.414
840,SGP,Medium,2005,35-39,147.117,152.036,299.153
840,SGP,Medium,2005,40-44,161.997,159.475,321.472
840,SGP,Medium,2005,45-49,155.343,152.203,307.546
840,SGP,Medium,2005,50-54,128.179,125.989,254.168
840,SGP,Medium,2005,55-59,98.576,99.227,197.803
840,SGP,Medium,2005,60-64,57.287,60.288,117.575
840,SGP,Medium,2005,65-69,48.270,52.818,101.088
840,SGP,Medium,2005,70-74,34.907,41.638,76.545
840,SGP,Medium,2005,75-79,21.812,29.789,51.601
840,SGP,Medium,2005,80-84,11.046,16.833,27.879
840,SGP,Medium,2005,85-89,4.998,9.516,14.514
840,SGP,Medium,2005,90&Over,2.439,5.627,8.066
840,SGP,Medium,2006,0-4,99.730,94.749,194.479
840,SGP,Medium,2006,5-9,121.432,113.772,235.204
840,SGP,Medium,2006,10-14,131.748,124.734,256.482
840,SGP,Medium,2006,15-19,126.649,119.898,246.547
840,SGP,Medium,2006,20-24,111.267,108.364,219.631
840,SGP,Medium,2006,25-29,119.976,131.683,251.659
840,SGP,Medium,2006,30-34,141.031,152.220,293.251
840,SGP,Medium,2006,35-39,145.884,152.319,298.203
840,SGP,Medium,2006,40-44,162.499,160.518,323.017
840,SGP,Medium,2006,45-49,158.246,154.612,312.858
840,SGP,Medium,2006,50-54,134.543,132.451,266.994
840,SGP,Medium,2006,55-59,107.015,107.586,214.601
840,SGP,Medium,2006,60-64,57.981,60.261,118.242
840,SGP,Medium,2006,65-69,51.720,57.117,108.837
840,SGP,Medium,2006,70-74,35.870,42.447,78.317
840,SGP,Medium,2006,75-79,23.179,31.234,54.413
840,SGP,Medium,2006,80-84,11.601,17.842,29.443
840,SGP,Medium,2006,85-89,5.299,9.907,15.206
840,SGP,Medium,2006,90&Over,2.572,5.938,8.510
840,SGP,Medium,2007,0-4,99.091,94.535,193.626
840,SGP,Medium,2007,5-9,118.360,111.181,229.541
840,SGP,Medium,2007,10-14,131.405,123.887,255.292
840,SGP,Medium,2007,15-19,131.582,125.716,257.298
840,SGP,Medium,2007,20-24,110.602,107.883,218.485
840,SGP,Medium,2007,25-29,121.991,132.532,254.523
840,SGP,Medium,2007,30-34,141.491,152.962,294.453
840,SGP,Medium,2007,35-39,147.400,154.573,301.973
840,SGP,Medium,2007,40-44,161.229,159.820,321.049
840,SGP,Medium,2007,45-49,159.593,155.959,315.552
840,SGP,Medium,2007,50-54,140.806,138.414,279.220
840,SGP,Medium,2007,55-59,110.336,110.647,220.983
840,SGP,Medium,2007,60-64,66.682,68.819,135.501
840,SGP,Medium,2007,65-69,53.773,59.984,113.757
840,SGP,Medium,2007,70-74,36.184,42.447,78.631
840,SGP,Medium,2007,75-79,24.370,32.362,56.732
840,SGP,Medium,2007,80-84,12.312,19.207,31.519
840,SGP,Medium,2007,85-89,5.538,10.385,15.923
840,SGP,Medium,2007,90&Over,2.732,6.292,9.024
840,SGP,Medium,2008,0-4,99.147,94.742,193.889
840,SGP,Medium,2008,5-9,115.186,108.436,223.622
840,SGP,Medium,2008,10-14,130.128,123.668,253.796
840,SGP,Medium,2008,15-19,134.000,128.856,262.856
840,SGP,Medium,2008,20-24,113.468,111.917,225.385
840,SGP,Medium,2008,25-29,126.755,136.359,263.114
840,SGP,Medium,2008,30-34,139.144,150.673,289.817
840,SGP,Medium,2008,35-39,149.911,157.332,307.243
840,SGP,Medium,2008,40-44,158.996,158.367,317.363
840,SGP,Medium,2008,45-49,160.849,157.229,318.078
840,SGP,Medium,2008,50-54,145.713,143.476,289.189
840,SGP,Medium,2008,55-59,114.878,114.478,229.356
840,SGP,Medium,2008,60-64,75.256,77.905,153.161
840,SGP,Medium,2008,65-69,54.560,60.625,115.185
840,SGP,Medium,2008,70-74,37.508,43.799,81.307
840,SGP,Medium,2008,75-79,25.589,33.412,59.001
840,SGP,Medium,2008,80-84,13.200,20.682,33.882
840,SGP,Medium,2008,85-89,5.741,10.993,16.734
840,SGP,Medium,2008,90&Over,2.963,6.718,9.681
840,SGP,Medium,2009,0-4,100.699,97.089,197.788
840,SGP,Medium,2009,5-9,113.683,107.752,221.435
840,SGP,Medium,2009,10-14,127.531,121.097,248.628
840,SGP,Medium,2009,15-19,133.454,129.321,262.775
840,SGP,Medium,2009,20-24,120.949,120.804,241.753
840,SGP,Medium,2009,25-29,132.022,142.286,274.308
840,SGP,Medium,2009,30-34,142.676,154.564,297.240
840,SGP,Medium,2009,35-39,155.109,162.202,317.311
840,SGP,Medium,2009,40-44,155.764,157.219,312.983
840,SGP,Medium,2009,45-49,162.905,159.592,322.497
840,SGP,Medium,2009,50-54,149.604,147.779,297.383
840,SGP,Medium,2009,55-59,120.448,119.499,239.947
840,SGP,Medium,2009,60-64,83.709,85.987,169.696
840,SGP,Medium,2009,65-69,55.350,60.908,116.258
840,SGP,Medium,2009,70-74,40.357,47.071,87.428
840,SGP,Medium,2009,75-79,26.745,34.745,61.490
840,SGP,Medium,2009,80-84,14.518,22.625,37.143
840,SGP,Medium,2009,85-89,6.082,11.487,17.569
840,SGP,Medium,2009,90&Over,3.127,7.117,10.244
840,SGP,Medium,2010,0-4,98.890,95.542,194.432
840,SGP,Medium,2010,5-9,110.215,105.460,215.675
840,SGP,Medium,2010,10-14,125.271,119.031,244.302
840,SGP,Medium,2010,15-19,134.003,129.747,263.750
840,SGP,Medium,2010,20-24,123.942,123.248,247.190
840,SGP,Medium,2010,25-29,131.299,141.340,272.639
840,SGP,Medium,2010,30-34,143.048,155.639,298.687
840,SGP,Medium,2010,35-39,156.318,163.706,320.024
840,SGP,Medium,2010,40-44,152.995,156.446,309.441
840,SGP,Medium,2010,45-49,163.237,160.222,323.459
840,SGP,Medium,2010,50-54,152.721,150.323,303.044
840,SGP,Medium,2010,55-59,124.822,123.874,248.696
840,SGP,Medium,2010,60-64,94.796,97.199,191.995
840,SGP,Medium,2010,65-69,53.321,58.190,111.511
840,SGP,Medium,2010,70-74,42.887,49.731,92.618
840,SGP,Medium,2010,75-79,28.214,36.964,65.178
840,SGP,Medium,2010,80-84,15.532,24.307,39.839
840,SGP,Medium,2010,85-89,6.446,12.035,18.481
840,SGP,Medium,2010,90&Over,3.176,7.584,10.760
840,SGP,Medium,2011,0-4,95.885,92.364,188.249
840,SGP,Medium,2011,5-9,106.047,102.072,208.119
840,SGP,Medium,2011,10-14,123.438,117.098,240.536
840,SGP,Medium,2011,15-19,132.579,128.159,260.738
840,SGP,Medium,2011,20-24,128.245,126.824,255.069
840,SGP,Medium,2011,25-29,127.132,135.474,262.606
840,SGP,Medium,2011,30-34,141.947,155.608,297.555
840,SGP,Medium,2011,35-39,154.097,162.064,316.161
840,SGP,Medium,2011,40-44,150.678,155.936,306.614
840,SGP,Medium,2011,45-49,163.002,160.989,323.991
840,SGP,Medium,2011,50-54,155.424,152.706,308.130
840,SGP,Medium,2011,55-59,130.717,129.961,260.678
840,SGP,Medium,2011,60-64,102.799,105.361,208.160
840,SGP,Medium,2011,65-69,54.115,58.281,112.396
840,SGP,Medium,2011,70-74,46.135,53.938,100.073
840,SGP,Medium,2011,75-79,29.123,37.786,66.909
840,SGP,Medium,2011,80-84,16.558,25.587,42.145
840,SGP,Medium,2011,85-89,6.889,12.867,19.756
840,SGP,Medium,2011,90&Over,3.360,8.006,11.366
840,SGP,Medium,2012,0-4,94.924,91.749,186.673
840,SGP,Medium,2012,5-9,105.033,101.291,206.324
840,SGP,Medium,2012,10-14,119.697,113.623,233.320
840,SGP,Medium,2012,15-19,132.106,126.755,258.861
840,SGP,Medium,2012,20-24,132.675,131.831,264.506
840,SGP,Medium,2012,25-29,123.056,131.526,254.582
840,SGP,Medium,2012,30-34,140.686,154.710,295.396
840,SGP,Medium,2012,35-39,152.252,161.718,313.970
840,SGP,Medium,2012,40-44,151.213,157.610,308.823
840,SGP,Medium,2012,45-49,161.122,159.803,320.925
840,SGP,Medium,2012,50-54,156.561,153.815,310.376
840,SGP,Medium,2012,55-59,136.379,135.438,271.817
840,SGP,Medium,2012,60-64,105.781,108.215,213.996
840,SGP,Medium,2012,65-69,62.372,66.507,128.879
840,SGP,Medium,2012,70-74,47.890,56.524,104.414
840,SGP,Medium,2012,75-79,29.715,37.960,67.675
840,SGP,Medium,2012,80-84,17.496,26.619,44.115
840,SGP,Medium,2012,85-89,7.519,13.984,21.503
840,SGP,Medium,2012,90&Over,3.569,8.481,12.050
840,SGP,Medium,2013,0-4,93.520,89.775,183.295
840,SGP,Medium,2013,5-9,104.586,101.118,205.704
840,SGP,Medium,2013,10-14,116.000,110.244,226.244
840,SGP,Medium,2013,15-19,129.989,125.077,255.066
840,SGP,Medium,2013,20-24,134.034,132.855,266.889
840,SGP,Medium,2013,25-29,124.013,131.602,255.615
840,SGP,Medium,2013,30-34,141.262,155.608,296.870
840,SGP,Medium,2013,35-39,147.408,158.095,305.503
840,SGP,Medium,2013,40-44,152.691,159.890,312.581
840,SGP,Medium,2013,45-49,158.312,158.024,316.336
840,SGP,Medium,2013,50-54,157.789,155.199,312.988
840,SGP,Medium,2013,55-59,140.813,140.256,281.069
840,SGP,Medium,2013,60-64,110.241,111.913,222.154
840,SGP,Medium,2013,65-69,70.525,75.292,145.817
840,SGP,Medium,2013,70-74,48.663,57.083,105.746
840,SGP,Medium,2013,75-79,31.164,39.455,70.619
840,SGP,Medium,2013,80-84,18.572,27.627,46.199
840,SGP,Medium,2013,85-89,8.122,15.113,23.235
840,SGP,Medium,2013,90&Over,3.800,9.021,12.821
840,SGP,Medium,2014,0-4,92.528,88.841,181.369
840,SGP,Medium,2014,5-9,104.588,101.202,205.790
840,SGP,Medium,2014,10-14,112.959,107.837,220.796
840,SGP,Medium,2014,15-19,126.514,120.823,247.337
840,SGP,Medium,2014,20-24,132.902,131.016,263.918
840,SGP,Medium,2014,25-29,129.304,136.355,265.659
840,SGP,Medium,2014,30-34,138.954,153.333,292.287
840,SGP,Medium,2014,35-39,144.959,157.070,302.029
840,SGP,Medium,2014,40-44,154.320,161.703,316.023
840,SGP,Medium,2014,45-49,153.194,155.339,308.533
840,SGP,Medium,2014,50-54,158.734,156.769,315.503
840,SGP,Medium,2014,55-59,144.316,144.076,288.392
840,SGP,Medium,2014,60-64,115.217,116.285,231.502
840,SGP,Medium,2014,65-69,78.285,82.913,161.198
840,SGP,Medium,2014,70-74,49.438,57.377,106.815
840,SGP,Medium,2014,75-79,33.753,42.541,76.294
840,SGP,Medium,2014,80-84,19.515,28.903,48.418
840,SGP,Medium,2014,85-89,8.985,16.501,25.486
840,SGP,Medium,2014,90&Over,3.945,9.445,13.390
840,SGP,Medium,2015,0-4,93.852,89.723,183.575
840,SGP,Medium,2015,5-9,103.861,100.591,204.452
840,SGP,Medium,2015,10-14,109.401,104.987,214.388
840,SGP,Medium,2015,15-19,124.287,118.615,242.902
840,SGP,Medium,2015,20-24,133.493,130.634,264.127
840,SGP,Medium,2015,25-29,132.504,138.526,271.030
840,SGP,Medium,2015,30-34,137.847,152.772,290.619
840,SGP,Medium,2015,35-39,143.795,157.272,301.067
840,SGP,Medium,2015,40-44,154.460,162.295,316.755
840,SGP,Medium,2015,45-49,149.607,153.806,303.413
840,SGP,Medium,2015,50-54,158.465,156.626,315.091
840,SGP,Medium,2015,55-59,147.860,147.203,295.063
840,SGP,Medium,2015,60-64,119.660,120.833,240.493
840,SGP,Medium,2015,65-69,88.697,93.728,182.425
840,SGP,Medium,2015,70-74,47.779,54.852,102.631
840,SGP,Medium,2015,75-79,36.126,45.085,81.211
840,SGP,Medium,2015,80-84,20.932,30.853,51.785
840,SGP,Medium,2015,85-89,9.728,17.766,27.494
840,SGP,Medium,2015,90&Over,4.274,9.895,14.169
840,SGP,Medium,2016,0-4,95.678,91.482,187.160
840,SGP,Medium,2016,5-9,102.426,99.083,201.509
840,SGP,Medium,2016,10-14,105.589,101.906,207.495
840,SGP,Medium,2016,15-19,122.911,116.860,239.771
840,SGP,Medium,2016,20-24,132.046,128.808,260.854
840,SGP,Medium,2016,25-29,137.243,142.745,279.988
840,SGP,Medium,2016,30-34,135.596,149.948,285.544
840,SGP,Medium,2016,35-39,143.553,158.445,301.998
840,SGP,Medium,2016,40-44,152.466,160.979,313.445
840,SGP,Medium,2016,45-49,147.517,153.666,301.183
840,SGP,Medium,2016,50-54,158.202,157.396,315.598
840,SGP,Medium,2016,55-59,150.315,149.276,299.591
840,SGP,Medium,2016,60-64,125.130,126.723,251.853
840,SGP,Medium,2016,65-69,96.349,101.671,198.020
840,SGP,Medium,2016,70-74,48.691,55.105,103.796
840,SGP,Medium,2016,75-79,38.976,48.979,87.955
840,SGP,Medium,2016,80-84,21.884,31.672,53.556
840,SGP,Medium,2016,85-89,10.387,18.699,29.086
840,SGP,Medium,2016,90&Over,4.567,10.590,15.157
840,SGP,Medium,2017,0-4,96.041,91.612,187.653
840,SGP,Medium,2017,5-9,102.010,98.565,200.575
840,SGP,Medium,2017,10-14,104.885,101.368,206.253
840,SGP,Medium,2017,15-19,119.500,113.473,232.973
840,SGP,Medium,2017,20-24,131.825,127.247,259.072
840,SGP,Medium,2017,25-29,142.427,147.771,290.198
840,SGP,Medium,2017,30-34,132.378,146.962,279.340
840,SGP,Medium,2017,35-39,142.776,158.180,300.956
840,SGP,Medium,2017,40-44,150.641,160.843,311.484
840,SGP,Medium,2017,45-49,148.095,155.362,303.457
840,SGP,Medium,2017,50-54,156.386,156.428,312.814
840,SGP,Medium,2017,55-59,151.320,150.358,301.678
840,SGP,Medium,2017,60-64,130.589,132.062,262.651
840,SGP,Medium,2017,65-69,99.351,104.618,203.969
840,SGP,Medium,2017,70-74,56.463,63.031,119.494
840,SGP,Medium,2017,75-79,40.524,51.429,91.953
840,SGP,Medium,2017,80-84,22.400,31.941,54.341
840,SGP,Medium,2017,85-89,10.989,19.492,30.481
840,SGP,Medium,2017,90&Over,4.945,11.509,16.454
840,SGP,Medium,2018,0-4,94.916,90.612,185.528
840,SGP,Medium,2018,5-9,101.636,97.430,199.066
840,SGP,Medium,2018,10-14,105.026,101.504,206.530
840,SGP,Medium,2018,15-19,116.102,110.418,226.520
840,SGP,Medium,2018,20-24,129.956,125.560,255.516
840,SGP,Medium,2018,25-29,143.758,147.873,291.631
840,SGP,Medium,2018,30-34,133.775,147.622,281.397
840,SGP,Medium,2018,35-39,143.661,160.059,303.720
840,SGP,Medium,2018,40-44,145.974,157.666,303.640
840,SGP,Medium,2018,45-49,149.811,158.027,307.838
840,SGP,Medium,2018,50-54,153.908,155.057,308.965
840,SGP,Medium,2018,55-59,152.528,151.862,304.390
840,SGP,Medium,2018,60-64,134.928,136.760,271.688
840,SGP,Medium,2018,65-69,103.758,108.343,212.101
840,SGP,Medium,2018,70-74,64.029,71.517,135.546
840,SGP,Medium,2018,75-79,41.288,52.039,93.327
840,SGP,Medium,2018,80-84,23.779,33.324,57.103
840,SGP,Medium,2018,85-89,11.748,20.243,31.991
840,SGP,Medium,2018,90&Over,5.257,12.529,17.786
840,SGP,Medium,2019,0-4,94.666,90.689,185.355
840,SGP,Medium,2019,5-9,101.051,96.724,197.775
840,SGP,Medium,2019,10-14,105.661,102.265,207.926
840,SGP,Medium,2019,15-19,113.555,108.667,222.222
840,SGP,Medium,2019,20-24,126.764,122.315,249.079
840,SGP,Medium,2019,25-29,142.465,145.729,288.194
840,SGP,Medium,2019,30-34,140.208,153.238,293.446
840,SGP,Medium,2019,35-39,142.118,158.700,300.818
840,SGP,Medium,2019,40-44,143.869,156.894,300.763
840,SGP,Medium,2019,45-49,151.637,160.045,311.682
840,SGP,Medium,2019,50-54,149.121,152.561,301.682
840,SGP,Medium,2019,55-59,153.477,153.282,306.759
840,SGP,Medium,2019,60-64,138.324,140.504,278.828
840,SGP,Medium,2019,65-69,108.655,112.641,221.296
840,SGP,Medium,2019,70-74,71.234,78.893,150.127
840,SGP,Medium,2019,75-79,42.201,52.399,94.600
840,SGP,Medium,2019,80-84,26.077,36.216,62.293
840,SGP,Medium,2019,85-89,12.484,21.451,33.935
840,SGP,Medium,2019,90&Over,5.815,13.614,19.429
840,SGP,Medium,2020,0-4,93.388,89.688,183.076
840,SGP,Medium,2020,5-9,101.729,97.008,198.737
840,SGP,Medium,2020,10-14,104.967,101.426,206.393
840,SGP,Medium,2020,15-19,109.868,105.366,215.234
840,SGP,Medium,2020,20-24,124.617,119.920,244.537
840,SGP,Medium,2020,25-29,142.382,144.615,286.997
840,SGP,Medium,2020,30-34,143.022,154.776,297.798
840,SGP,Medium,2020,35-39,141.357,158.158,299.515
840,SGP,Medium,2020,40-44,142.801,156.490,299.291
840,SGP,Medium,2020,45-49,151.690,160.050,311.740
840,SGP,Medium,2020,50-54,145.383,150.685,296.068
840,SGP,Medium,2020,55-59,152.960,152.870,305.830
840,SGP,Medium,2020,60-64,141.471,143.155,284.626
840,SGP,Medium,2020,65-69,112.609,116.787,229.396
840,SGP,Medium,2020,70-74,80.819,89.189,170.008
840,SGP,Medium,2020,75-79,40.773,50.217,90.990
840,SGP,Medium,2020,80-84,27.886,38.627,66.513
840,SGP,Medium,2020,85-89,13.522,23.064,36.586
840,SGP,Medium,2020,90&Over,6.312,14.563,20.875
840,SGP,Medium,2021,0-4,91.043,87.392,178.435
840,SGP,Medium,2021,5-9,101.980,96.780,198.760
840,SGP,Medium,2021,10-14,102.112,97.881,199.993
840,SGP,Medium,2021,15-19,104.927,99.986,204.913
840,SGP,Medium,2021,20-24,122.309,115.411,237.720
840,SGP,Medium,2021,25-29,138.548,139.489,278.037
840,SGP,Medium,2021,30-34,145.681,155.379,301.060
840,SGP,Medium,2021,35-39,137.345,151.876,289.221
840,SGP,Medium,2021,40-44,139.814,152.956,292.770
840,SGP,Medium,2021,45-49,146.202,153.923,300.125
840,SGP,Medium,2021,50-54,139.908,146.054,285.962
840,SGP,Medium,2021,55-59,148.830,149.396,298.226
840,SGP,Medium,2021,60-64,140.889,141.723,282.612
840,SGP,Medium,2021,65-69,115.595,119.796,235.391
840,SGP,Medium,2021,70-74,86.337,94.989,181.326
840,SGP,Medium,2021,75-79,40.996,49.982,90.978
840,SGP,Medium,2021,80-84,29.886,41.669,71.555
840,SGP,Medium,2021,85-89,14.003,23.665,37.668
840,SGP,Medium,2021,90&Over,6.709,15.381,22.090
840,SGP,Medium,2022,0-4,90.906,87.179,178.085
840,SGP,Medium,2022,5-9,103.270,98.090,201.360
840,SGP,Medium,2022,10-14,103.066,99.313,202.379
840,SGP,Medium,2022,15-19,105.521,101.228,206.749
840,SGP,Medium,2022,20-24,119.622,113.681,233.303
840,SGP,Medium,2022,25-29,139.727,140.355,280.082
840,SGP,Medium,2022,30-34,153.268,163.885,317.153
840,SGP,Medium,2022,35-39,137.395,153.586,290.981
840,SGP,Medium,2022,40-44,142.574,157.297,299.871
840,SGP,Medium,2022,45-49,147.359,156.958,304.317
840,SGP,Medium,2022,50-54,142.735,150.249,292.984
840,SGP,Medium,2022,55-59,149.046,150.789,299.835
840,SGP,Medium,2022,60-64,143.437,144.570,288.007
840,SGP,Medium,2022,65-69,121.815,126.115,247.930
840,SGP,Medium,2022,70-74,90.038,98.546,188.584
840,SGP,Medium,2022,75-79,48.203,57.589,105.792
840,SGP,Medium,2022,80-84,31.019,43.918,74.937
840,SGP,Medium,2022,85-89,14.230,23.718,37.948
840,SGP,Medium,2022,90&Over,6.981,15.961,22.942
840,SGP,Medium,2023,0-4,89.629,85.639,175.268
840,SGP,Medium,2023,5-9,103.249,98.725,201.974
840,SGP,Medium,2023,10-14,104.335,100.124,204.459
840,SGP,Medium,2023,15-19,106.461,103.118,209.579
840,SGP,Medium,2023,20-24,116.897,112.169,229.066
840,SGP,Medium,2023,25-29,138.511,139.378,277.889
840,SGP,Medium,2023,30-34,156.440,167.187,323.627
840,SGP,Medium,2023,35-39,141.580,158.457,300.037
840,SGP,Medium,2023,40-44,146.677,163.496,310.173
840,SGP,Medium,2023,45-49,145.297,157.218,302.515
840,SGP,Medium,2023,50-54,146.760,155.607,302.367
840,SGP,Medium,2023,55-59,148.981,151.687,300.668
840,SGP,Medium,2023,60-64,146.083,147.705,293.788
840,SGP,Medium,2023,65-69,126.892,132.149,259.041
840,SGP,Medium,2023,70-74,94.849,103.041,197.890
840,SGP,Medium,2023,75-79,55.166,65.837,121.003
840,SGP,Medium,2023,80-84,31.651,44.514,76.165
840,SGP,Medium,2023,85-89,15.180,24.836,40.016
840,SGP,Medium,2023,90&Over,7.264,16.464,23.728